{"Entete":{"version":0, "versionDH":"1970-01-01 01:00:00", "groupements":
[2, 9, 12]
},

"Presence":[{"version":1400871746133, "versionDH":"2014-05-23 21:02:26", "lundi":140519, "jour":6, "matin":
[2]
},
{"version":1415092338718, "versionDH":"2014-11-04 10:12:18", "lundi":141103, "jour":4, "apm":
[2]
},
{"version":1417010968417, "versionDH":"2014-11-26 15:09:28", "lundi":141124, "jour":6},
{"version":1420222410887, "versionDH":"2015-01-02 19:13:30", "lundi":150112, "jour":4, "matin":
[17]
, "apm":
[17]
},
{"version":1423904648106, "versionDH":"2015-02-14 10:04:08", "lundi":150302, "jour":4, "matin":
[17]
},
{"version":1442753204313, "versionDH":"2015-09-20 14:46:44", "lundi":150921, "jour":6},
{"version":1442753141698, "versionDH":"2015-09-20 14:45:41", "lundi":151005, "jour":5},
{"version":1444471414433, "versionDH":"2015-10-10 12:03:34", "lundi":151012, "jour":4, "matin":
[17]
, "apm":
[17]
},
{"version":1449518568092, "versionDH":"2015-12-07 21:02:48", "lundi":151207, "jour":1},
{"version":1449180328538, "versionDH":"2015-12-03 23:05:28", "lundi":151214, "jour":5, "matin":
[17]
, "apm":
[17]
},
{"version":1452158797739, "versionDH":"2016-01-07 10:26:37", "lundi":160111, "jour":2, "apm":
[28]
},
{"version":1452373073210, "versionDH":"2016-01-09 21:57:53", "lundi":160111, "jour":3},
{"version":1453742045883, "versionDH":"2016-01-25 18:14:05", "lundi":160125, "jour":3, "matin":
[27]
, "apm":
[27]
},
{"version":1453409812557, "versionDH":"2016-01-21 21:56:52", "lundi":160125, "jour":6},
{"version":1456300516420, "versionDH":"2016-02-24 08:55:16", "lundi":160328, "jour":6, "matin":
[23]
}],

"Contact":[{"version":1431628954105, "versionDH":"2015-05-14 20:42:34", "code":1, "nom":"L'Haÿ-les-Roses Jardin Parisien", "url":"images\/default-64x64.jpg", "initiales":"HAYJP", "confidentialite":1, "email1":"domi.colin@laposte.net\ndaniel@sportes.fr", "pwd":"83e64fa7f95cbcaf82d834146669d8403b91f31d", "localisation":"25 rue des Marguerites, 94240 L'Haÿ-les-Roses"},
{"version":1455229989171, "versionDH":"2016-02-11 23:33:09", "code":10, "nom":"Florence Edy-Legrand", "url":"alterconsos\/mime\/C.2.\/10.\/PHOTO\/1", "initiales":"FEDY", "email1":"floelegrand@bbox.fr", "telephones":"06.58.20.18.03", "derniereCotis":"10\u20AC 2014 payé le 6\/12\/2014", "dhi1":1446478129459, "ci1":186018477, "nph":1, "pwd":"fd2b9c7bb6ac3d7ebb3c25bd4c3a394e7d03d7b1", "unclic":1, "localisation":"21 Allée du Parc de la Bièvre 94240 L'Hay les Roses"},
{"version":1391252050002, "versionDH":"2014-02-01 11:54:10", "code":11, "nom":"Stéphane Drabowitch", "url":"images\/default-64x64.jpg", "initiales":"DRABO", "email1":"lesdrabo@numericable.fr", "telephones":"0613171700", "derniereCotis":"20 euros le 1er fevrier 2014", "dhi1":1377515666900, "ci1":52549701, "pwd":"fd2b9c7bb6ac3d7ebb3c25bd4c3a394e7d03d7b1", "unclic":1},
{"version":1450303459411, "versionDH":"2015-12-16 23:04:19", "code":12, "nom":"Chantal Richard", "url":"images\/default-64x64.jpg", "initiales":"RICH", "email1":"richard_chantal@orange.fr", "telephones":"01 46 64 69 13", "derniereCotis":"20\u20AC le 8\/11\/13, 10\u20AC le 5\/2\/15, 10\u20AC le 15\/12\/2015", "dhi1":1378642767280, "ci1":591894118, "pwd":"fd2b9c7bb6ac3d7ebb3c25bd4c3a394e7d03d7b1", "unclic":1},
{"version":1422519989925, "versionDH":"2015-01-29 09:26:29", "code":13, "nom":"Frédéric Guillemain", "url":"images\/default-64x64.jpg", "initiales":"GUILL", "postitContact":"Animateur des Normands, pour voir comment ça se passe pour un alterconso", "email1":"guillemain.frederic@orange.fr", "dhi1":1382540764202, "ci1":369577387, "pwd":"fd2b9c7bb6ac3d7ebb3c25bd4c3a394e7d03d7b1", "nomail":1, "unclic":1},
{"version":1430932535727, "versionDH":"2015-05-06 19:15:35", "code":14, "nom":"Michel et Annie Besnier", "url":"images\/default-64x64.jpg", "initiales":"BESN", "confidentialite":2, "email1":"besnier.am@gmail.com", "derniereCotis":"20\u20AC le 3 mai 2015", "dhi1":1385644985485, "ci1":558120781, "pwd":"fd2b9c7bb6ac3d7ebb3c25bd4c3a394e7d03d7b1", "unclic":1},
{"version":1450303372362, "versionDH":"2015-12-16 23:02:52", "code":15, "nom":"LEMMET Maryse", "url":"images\/default-64x64.jpg", "initiales":"LEMM", "confidentialite":2, "email1":"maryse.lemmet@orange.fr", "derniereCotis":"20\u20AC le 16\/12\/2015", "dhi1":1386938436521, "ci1":547517193, "pwd":"fdc4569a7a29a903f67799d3b3cbc41457015389", "unclic":1},
{"version":1452350994906, "versionDH":"2016-01-09 15:49:54", "code":16, "nom":"Anne Slawny", "url":"images\/default-64x64.jpg", "initiales":"SLAWN", "email1":"anne.slawny@laposte.net", "telephones":"0633120272", "derniereCotis":"20\u20AC le 30\/12\/2015", "dhi1":1395760733299, "ci1":273509106, "pwd":"fd2b9c7bb6ac3d7ebb3c25bd4c3a394e7d03d7b1", "unclic":1, "localisation":"37 bis sentier des Goisheres 94230 CACHAN"},
{"version":1420883171152, "versionDH":"2015-01-10 10:46:11", "code":17, "nom":"Corinne Pujol et Christiane Hochet", "url":"images\/default-64x64.jpg", "initiales":"PUJOL", "confidentialite":2, "email1":"corinne.pujol@wanadoo.fr\nhochet.christiane@wanadoo.fr", "telephones":"Christiane 06 76 74 05 92", "derniereCotis":"11\/12\/2014 20\u20AC", "dhi1":1413368182894, "ci1":952174345, "pwd":"fd2b9c7bb6ac3d7ebb3c25bd4c3a394e7d03d7b1", "unclic":1},
{"version":1418321144898, "versionDH":"2014-12-11 19:05:44", "code":18, "nom":"Mireille Poinas", "url":"images\/default-64x64.jpg", "initiales":"POINA", "email1":"mpoinas@noos.fr", "telephones":"06 43 16 46 17", "derniereCotis":"11\/12\/2014 20\u20AC", "dhi1":1417005021240, "ci1":124807123, "pwd":"ddd69b9527fe6baba1845989cfe1d70e6aa62dac", "unclic":1},
{"version":1424114096162, "versionDH":"2015-02-16 20:14:56", "code":19, "nom":"Michelle Morin", "url":"images\/default-64x64.jpg", "initiales":"MORIN", "email1":"morin.michelle@gmail.com", "telephones":"0637787356", "derniereCotis":"20\u20AC pour 2015", "dhi1":1424106825884, "ci1":356302625, "pwd":"e830535f9fdfc40c912d04cc26395513ece1cedd", "couleur":8, "unclic":1},
{"version":1418067242432, "versionDH":"2014-12-08 20:34:02", "code":2, "nom":"Dominique Colin et Daniel Sportès", "url":"alterconsos\/mime\/C.2.\/2.\/PHOTO\/2", "initiales":"COLIN", "confidentialite":1, "email1":"dominique@colin.sportes.fr\ndaniel@sportes.fr", "telephones":"0614304170 (0620453513)", "derniereCotis":"20\u20AC le 08\/12\/2014 ", "groupements":
[12, 2, 9]
, "dhi1":1369834022695, "ci1":283478649, "nph":2, "pwd":"094ce88b171f0855b6961087c44654e560a477ad", "aContacter":1, "localisation":"25 rue des marguerites, 94240"},
{"version":1448557608750, "versionDH":"2015-11-26 18:06:48", "code":20, "nom":"Carole Barbarian", "url":"images\/default-64x64.jpg", "initiales":"CAROL", "email1":"carole.barbarian@gmail.com", "telephones":"0786294274", "derniereCotis":"26\/11\/2015 20\u20AC", "dhi1":1428597789197, "ci1":884991165, "pwd":"6c51617546f5415f8294c64f2da4dba00947888d", "unclic":1},
{"version":1433438393410, "versionDH":"2015-06-04 19:19:53", "code":21, "nom":"Mirabelle Lemaire", "url":"images\/default-64x64.jpg", "initiales":"MIRAB", "email1":"mamirabelle@free.fr", "telephones":"0687203702", "dhi1":1433438332256, "ci1":729982840, "pwd":"fd2b9c7bb6ac3d7ebb3c25bd4c3a394e7d03d7b1", "unclic":1},
{"version":1435336426156, "versionDH":"2015-06-26 18:33:46", "code":22, "nom":"Carina SCHWARZ", "url":"images\/default-64x64.jpg", "initiales":"SCHWA", "email1":"carina.schwarz@laposte.net", "telephones":"06 27 45 29 63", "dhi1":1435336352524, "ci1":747499502, "unclic":1},
{"version":1442080093915, "versionDH":"2015-09-12 19:48:13", "code":23, "nom":"RIOU Lydia", "url":"images\/default-64x64.jpg", "initiales":"RIOU", "email1":"lydia.riou1@free.fr", "telephones":"06 15 48 48 18", "derniereCotis":"20\u20AC septembre 2015", "dhi1":1442080082975, "ci1":375862932, "pwd":"5cd6efde8c2f31b24a5139e11c365db9e7d4b11d", "localisation":"1 sentier des Mamies"},
{"version":1452876745021, "versionDH":"2016-01-15 17:52:25", "code":24, "nom":"Yaelle Lopez \/ Loïc Bonnevie", "url":"images\/default-64x64.jpg", "initiales":"LOPEZ", "email1":"yaelle.lopez@gmail.com", "telephones":"06 63 46 49 82", "dhi1":1447348003828, "ci1":482906757, "pwd":"fd2b9c7bb6ac3d7ebb3c25bd4c3a394e7d03d7b1", "unclic":1},
{"version":1448393799684, "versionDH":"2015-11-24 20:36:39", "code":25, "nom":"Gilda GLAUDE", "url":"images\/default-64x64.jpg", "initiales":"GILDA", "email1":"gilda.glaude@wanadoo.fr", "dhi1":1448393706795, "ci1":358809447, "pwd":"fd2b9c7bb6ac3d7ebb3c25bd4c3a394e7d03d7b1"},
{"version":1448981966694, "versionDH":"2015-12-01 15:59:26", "code":26, "nom":"OIFFER Elisabeth", "url":"images\/default-64x64.jpg", "initiales":"OIF", "email1":"elisabeth.oiffer@free.fr", "telephones":"06 85 24 29 24", "derniereCotis":"26-11-2015 20\u20AC", "dhi1":1448557960597, "ci1":111412836, "pwd":"fd2b9c7bb6ac3d7ebb3c25bd4c3a394e7d03d7b1"},
{"version":1448612447594, "versionDH":"2015-11-27 09:20:47", "code":27, "nom":"Marie-Renée Grosset", "url":"images\/default-64x64.jpg", "initiales":"MRG", "email1":"marie-renee.grosset@wanadoo.fr", "telephones":"01 45 47 87 94 - 06 79 87 47 37", "dhi1":1448612350466, "ci1":287321759, "pwd":"62506a93fe107a95b3d6d061fbe4494d0c5ad959", "unclic":1},
{"version":1450301347266, "versionDH":"2015-12-16 22:29:07", "code":28, "nom":"Nicole et Gérard ROY", "url":"images\/default-64x64.jpg", "initiales":"ROY", "confidentialite":2, "email1":"virgule.roy@gmail.com", "telephones":"06 06 86 96 19 \/\/ 01 77 20 50 31", "dhi1":1449426072101, "ci1":156783818, "pwd":"0ed23edd051ec704c073320c1723c41b0cabd46c", "localisation":"41 rue Emile Goeury 94240 L'HAY LES ROSES"},
{"version":1418398638480, "versionDH":"2014-12-12 16:37:18", "code":3, "nom":"Marie-Thérèse Firreri", "url":"images\/default-64x64.jpg", "initiales":"FIRRE", "email1":"mtfir@hotmail.fr", "telephones":"0681887082", "derniereCotis":"20\u20ACle 12\/12\/14", "dhi1":1369834088141, "ci1":317646962, "pwd":"fd2b9c7bb6ac3d7ebb3c25bd4c3a394e7d03d7b1", "unclic":1},
{"version":1432717299639, "versionDH":"2015-05-27 11:01:39", "code":4, "nom":"Milène Coitoux et René Badache", "url":"images\/default-64x64.jpg", "initiales":"COITO", "email1":"milenecoitoux@orange.fr", "telephones":"0786577378 +33 1 56 30 37 78", "derniereCotis":"20\u20AC le 14 mars 2014 en espèces, 20\u20AC le 22\/5\/15", "dhi1":1369834172394, "ci1":580196492, "pwd":"fd2b9c7bb6ac3d7ebb3c25bd4c3a394e7d03d7b1", "unclic":1},
{"version":1418067201576, "versionDH":"2014-12-08 20:33:21", "code":5, "nom":"Joëlle LM", "url":"images\/default-64x64.jpg", "initiales":"JLM", "confidentialite":2, "email1":"ljmail@free.fr", "telephones":"0675945008", "derniereCotis":"20\u20AC 2014 payé le 6\/12\/14", "dhi1":1369834536332, "ci1":789154284, "pwd":"0079ca4c5b65829d50bd6b6d5a5638bb821e95f4", "unclic":1},
{"version":1433251711765, "versionDH":"2015-06-02 15:28:31", "code":6, "nom":"Josette Hernu", "url":"images\/default-64x64.jpg", "initiales":"HERNU", "suppr":150602, "email1":"roger.hernu@wanadoo.fr", "telephones":"0675164937 01 40 91 35 18", "dhi1":1369834561202, "ci1":639630543, "pwd":"fd2b9c7bb6ac3d7ebb3c25bd4c3a394e7d03d7b1", "unclic":1},
{"version":1415470995934, "versionDH":"2014-11-08 19:23:15", "code":7, "nom":"Isabelle et Jean-Paul Scherer", "url":"images\/default-64x64.jpg", "initiales":"SCHER", "suppr":141108, "email1":"jeanpaul.scherer@neuf.fr", "telephones":"06 60 98 82 83", "dhi1":1369834602712, "ci1":612753423, "pwd":"fd2b9c7bb6ac3d7ebb3c25bd4c3a394e7d03d7b1", "unclic":1},
{"version":1395404267215, "versionDH":"2014-03-21 13:17:47", "code":8, "nom":"Jocelyne Capuano", "url":"alterconsos\/mime\/C.2.\/8.\/PHOTO\/2", "initiales":"CAPUA", "email1":"jocelynecapuano@yahoo.fr", "telephones":"0689976200 0951121100", "derniereCotis":"20\u20AC 2013 le 15\/11\/13", "dhi1":1369936179553, "ci1":364154872, "nph":2, "pwd":"fd2b9c7bb6ac3d7ebb3c25bd4c3a394e7d03d7b1", "unclic":1},
{"version":1398791735155, "versionDH":"2014-04-29 19:15:35", "code":9, "nom":"Sandrine De Géa et Pierre Boussion", "url":"images\/default-64x64.jpg", "initiales":"SDGA", "email1":"sdga@wanadoo.fr", "telephones":"Sandrine De Géa : 01 46 65 07 32 Pierre Boursion 06 61 32 53 27", "derniereCotis":"20\u20AC 2013 le 15\/11\/2013", "dhi1":1369936238653, "ci1":831849141, "pwd":"0679b143d7329815d1dfc2e271ee3fa42b0246c9", "unclic":1}]}
