{"Trace":[{"version":1456884009832, "versionDH":"2016-03-02 03:00:09", "code":1, "initiales":"HAYJP", "lot":"160302-030001", "statusText":"OK : 2016-03-02 03:00:09", "to":"domi.colin@laposte.net,daniel@sportes.fr", "taille":20862},
{"version":1456970527687, "versionDH":"2016-03-03 03:02:07", "code":10, "initiales":"FEDY", "lot":"160303-030000", "statusText":"OK : 2016-03-03 03:02:06", "to":"floelegrand@bbox.fr", "taille":16975},
{"version":1456970527044, "versionDH":"2016-03-03 03:02:07", "code":11, "initiales":"DRABO", "lot":"160303-030000", "statusText":"OK : 2016-03-03 03:02:05", "to":"lesdrabo@numericable.fr", "taille":16648},
{"version":1456970537753, "versionDH":"2016-03-03 03:02:17", "code":12, "initiales":"RICH", "lot":"160303-030000", "statusText":"OK : 2016-03-03 03:02:16", "to":"richard_chantal@orange.fr", "taille":16720},
{"version":1456970529360, "versionDH":"2016-03-03 03:02:09", "code":13, "initiales":"GUILL", "lot":"160303-030000", "status":1, "statusText":"résilié ou ne reçoit pas de synthèse hebdo", "to":"guillemain.frederic@orange.fr"},
{"version":1456970521452, "versionDH":"2016-03-03 03:02:01", "code":14, "initiales":"BESN", "lot":"160303-030000", "statusText":"OK : 2016-03-03 03:02:01", "to":"besnier.am@gmail.com", "taille":16727},
{"version":1456970531079, "versionDH":"2016-03-03 03:02:11", "code":15, "initiales":"LEMM", "lot":"160303-030000", "statusText":"OK : 2016-03-03 03:02:09", "to":"maryse.lemmet@orange.fr", "taille":16784},
{"version":1456970541657, "versionDH":"2016-03-03 03:02:21", "code":16, "initiales":"SLAWN", "lot":"160303-030000", "statusText":"OK : 2016-03-03 03:02:20", "to":"anne.slawny@laposte.net", "taille":16665},
{"version":1456970536858, "versionDH":"2016-03-03 03:02:16", "code":17, "initiales":"PUJOL", "lot":"160303-030000", "statusText":"OK : 2016-03-03 03:02:15", "to":"corinne.pujol@wanadoo.fr,hochet.christiane@wanadoo.fr", "taille":16816},
{"version":1456970535749, "versionDH":"2016-03-03 03:02:15", "code":18, "initiales":"POINA", "lot":"160303-030000", "statusText":"OK : 2016-03-03 03:02:14", "to":"mpoinas@noos.fr", "taille":16669},
{"version":1456970533480, "versionDH":"2016-03-03 03:02:13", "code":19, "initiales":"MORIN", "lot":"160303-030000", "statusText":"OK : 2016-03-03 03:02:12", "to":"morin.michelle@gmail.com", "taille":17133},
{"version":1456970526210, "versionDH":"2016-03-03 03:02:06", "code":2, "initiales":"COLIN", "lot":"160303-030000", "statusText":"OK : 2016-03-03 03:02:04", "to":"dominique@colin.sportes.fr,daniel@sportes.fr", "taille":16550},
{"version":1456970524366, "versionDH":"2016-03-03 03:02:04", "code":20, "initiales":"CAROL", "lot":"160303-030000", "statusText":"OK : 2016-03-03 03:02:03", "to":"carole.barbarian@gmail.com", "taille":16799},
{"version":1456970532786, "versionDH":"2016-03-03 03:02:12", "code":21, "initiales":"MIRAB", "lot":"160303-030000", "statusText":"OK : 2016-03-03 03:02:11", "to":"mamirabelle@free.fr", "taille":16671},
{"version":1456970540162, "versionDH":"2016-03-03 03:02:20", "code":22, "initiales":"SCHWA", "lot":"160303-030000", "statusText":"OK : 2016-03-03 03:02:18", "to":"carina.schwarz@laposte.net", "taille":16668},
{"version":1456970538531, "versionDH":"2016-03-03 03:02:18", "code":23, "initiales":"RIOU", "lot":"160303-030000", "statusText":"OK : 2016-03-03 03:02:17", "to":"lydia.riou1@free.fr", "taille":16228},
{"version":1456970531862, "versionDH":"2016-03-03 03:02:11", "code":24, "initiales":"LOPEZ", "lot":"160303-030000", "statusText":"OK : 2016-03-03 03:02:10", "to":"yaelle.lopez@gmail.com", "taille":16682},
{"version":1456970529269, "versionDH":"2016-03-03 03:02:09", "code":25, "initiales":"GILDA", "lot":"160303-030000", "statusText":"OK : 2016-03-03 03:02:08", "to":"gilda.glaude@wanadoo.fr", "taille":16048},
{"version":1456970535018, "versionDH":"2016-03-03 03:02:15", "code":26, "initiales":"OIF", "lot":"160303-030000", "statusText":"OK : 2016-03-03 03:02:13", "to":"elisabeth.oiffer@free.fr", "taille":16342},
{"version":1456970534261, "versionDH":"2016-03-03 03:02:14", "code":27, "initiales":"MRG", "lot":"160303-030000", "statusText":"OK : 2016-03-03 03:02:13", "to":"marie-renee.grosset@wanadoo.fr", "taille":16904},
{"version":1456970539398, "versionDH":"2016-03-03 03:02:19", "code":28, "initiales":"ROY", "lot":"160303-030000", "statusText":"OK : 2016-03-03 03:02:18", "to":"virgule.roy@gmail.com", "taille":16032},
{"version":1456970528558, "versionDH":"2016-03-03 03:02:08", "code":3, "initiales":"FIRRE", "lot":"160303-030000", "statusText":"OK : 2016-03-03 03:02:07", "to":"mtfir@hotmail.fr", "taille":16776},
{"version":1456970525096, "versionDH":"2016-03-03 03:02:05", "code":4, "initiales":"COITO", "lot":"160303-030000", "statusText":"OK : 2016-03-03 03:02:03", "to":"milenecoitoux@orange.fr", "taille":16658},
{"version":1456970530365, "versionDH":"2016-03-03 03:02:10", "code":5, "initiales":"JLM", "lot":"160303-030000", "statusText":"OK : 2016-03-03 03:02:09", "to":"ljmail@free.fr", "taille":16803},
{"version":1456970529483, "versionDH":"2016-03-03 03:02:09", "code":6, "initiales":"HERNU", "lot":"160303-030000", "status":1, "statusText":"résilié ou ne reçoit pas de synthèse hebdo", "to":"roger.hernu@wanadoo.fr"},
{"version":1456970539467, "versionDH":"2016-03-03 03:02:19", "code":7, "initiales":"SCHER", "lot":"160303-030000", "status":1, "statusText":"résilié ou ne reçoit pas de synthèse hebdo", "to":"jeanpaul.scherer@neuf.fr"},
{"version":1456970523480, "versionDH":"2016-03-03 03:02:03", "code":8, "initiales":"CAPUA", "lot":"160303-030000", "statusText":"OK : 2016-03-03 03:02:02", "to":"jocelynecapuano@yahoo.fr", "taille":16709},
{"version":1456970540944, "versionDH":"2016-03-03 03:02:20", "code":9, "initiales":"SDGA", "lot":"160303-030000", "statusText":"OK : 2016-03-03 03:02:19", "to":"sdga@wanadoo.fr", "taille":16650}]}
