{"Version":[{"version":1456300516420, "versionDH":"2016-02-24 08:55:16", "type":"GAC", "column":"0."},
{"version":1457122189573, "versionDH":"2016-03-04 21:09:49", "type":"LivrG", "column":"0."},
{"version":1446043742000, "versionDH":"2015-10-28 15:49:02", "type":"PHOTO", "column":"10."},
{"version":1396452888000, "versionDH":"2014-04-02 17:34:48", "type":"PHOTO", "column":"2."},
{"version":1395400666000, "versionDH":"2014-03-21 12:17:46", "type":"PHOTO", "column":"8."},
{"version":1456970541657, "versionDH":"2016-03-03 03:02:21", "type":"TraceMail", "column":"0."}]}
